case_id,nomor_perkara,tahun_putusan,bulan_putusan,tanggal_putusan,jenis_perkara,tingkat_pemeriksaan,lembaga_peradilan,hakim_ketua,pasal,ringkasan_fakta,jumlah_kata_putusan
case_001,10 pk pdt sus pailit 2025,2024,October,23,Kepailitan,Peninjauan Kembali,Mahkamah Agung,dr ibrahim ll m,37 tahun 2004,1 menolak permohonan pemeriksaan peninjauan kembali dari pemohon peninjauan kembali dahulu termohon pkpu jeje supriatna tersebut 2 menghukum pemohon peninjauan kembali dahulu termohon pkpu untuk membayar biaya perkara dalam pemeriksaan peninjauan kembali ini yang ditetapkan sebesar rp10 000 000 00 sepuluh juta rupiah,1735
case_002,1178 k pdt sus pailit 2024,2024,June,3,Kepailitan,Kasasi,Mahkamah Agung,prof dr h hamdi um,37 tahun 2004,1 menolak permohonan kasasi dari pemohon kasasi pt arifindo grha pratama tersebut 2 menghukum pemohon kasasi untuk membayar biaya perkara dalam tingkat kasasi ditetapkan sejumlah rp5 000 000 00 lima juta rupiah,1795
case_003,11 pk pdt sus pailit 2025,2017,July,20,Kepailitan,Peninjauan Kembali,Mahkamah Agung,dr nurul elmiyah,37 tahun 2004,1 menolak permohonan pemeriksaan peninjauan kembali dari pemohon peninjauan kembali tim kurator pt mercu gramaron pt bumi graha makmur dan henky soesanto dalam pailit tersebut 2 menghukum pemohon peninjauan kembali dahulu tergugat untuk membayar biaya perkara dalam pemeriksaan peninjauan kembali ini yang ditetapkan sebesar rp10 000 000 00 sepuluh juta rupiah,3405
case_004,1227 k pdt sus pailit 2024,2024,June,10,Kepailitan,Peninjauan Kembali,Mahkamah Agung,dr pri pambudi teguh,37 tahun 2004,menolak permohonan kasasi dari pemohon kasasi anita trisnawati tersebut menghukum pemohon kasasi penggugat untuk membayar biaya perkara dalam tingkat kasasi sejumlah rp5 000 000 00 lima juta rupiah,2334
case_005,123 k pdt sus pailit 2025,2024,October,30,Kepailitan,Kasasi,Mahkamah Agung,dr h panji widagdo,37 tahun 2004,1 menolak permohonan kasasi dari para pemohon kasasi tim kurator pt graha cipta suksestama dalam pailit dan pt niman internusa dalam pailit 1 carrel ticualu s e s h m h 2 agus dwiwarsono s h m h 3 madyo sidhiarta s h tersebut 2 menghukum para pemohon kasasi untuk membayar biaya perkara dalam tingkat kasasi ini sejumlah rp5 000 000 00 lima juta rupiah,2519
case_006,12 pk pdt sus pailit 2025,2024,March,31,Kepailitan,Peninjauan Kembali,Mahkamah Agung,dr h panji widagdo,37 tahun 2004,1 menolak permohonan peninjauan kembali dari pemohon peninjauan kembali ny tjong nanik tjandra tersebut 2 menghukum pemohon peninjauan kembali untuk membayar biaya perkara dari 10 hal put nomor 12 pk pdt sus pailit 2025 dalam pemeriksaan peninjauan kembali sejumlah rp10 000 000 00 sepuluh juta rupiah,2658
case_007,1318 k pdt sus pailit 2024,2024,January,29,Kepailitan,Peninjauan Kembali,Mahkamah Agung,dr ibrahim l l m,37 tahun 2004,1 menolak permohonan kasasi dari para pemohon kasasi 1 pt surabaya steel investama 2 oei robby wijaya 3 jacob pamuji wijaya tersebut 2 menghukum pemohon kasasi dahulu pemohon i ii dan iii untuk membayar biaya perkara dalam tingkat kasasi ini yang ditetapkan sebesar rp5 000 000 00 lima juta rupiah,1737
case_008,1345 k pdt sus pailit 2024,2024,October,25,Kepailitan,Kasasi,Mahkamah Agung,dr nani indrawati um,37 tahun 2004,menolak permohonan kasasi dari para pemohon kasasi 1 pt sri rejeki isman tbk 2 pt sinar pantja djaja 3 pt bitratex industries dan 4 pt primayudha mandirijaya tersebut menghukum para pemohon kasasi untuk membayar semua biaya perkara yang dalam pemeriksaan kasasi ditetapkan sebesar rp5 000 000 00 lima juta rupiah,2847
case_009,134 k pdt sus pailit 2025,2024,November,7,Kepailitan,Kasasi,Mahkamah Agung,dr h panji widagdo,37 tahun 2004,menolak permohonan kasasi dari pemohon kasasi para tim kurator pt inti artha multifinance dalam pailit cq dwi atmoko s e s h m h ca dan ardian rizaldy s h tersebut menghukum pemohon kasasi tergugat untuk membayar biaya perkara dalam tingkat kasasi yang ditetapkan sejumlah rp5 000 000 00 lima juta rupiah,2291
case_010,135 k pdt sus pailit 2025,2024,November,6,Kepailitan,Kasasi,Mahkamah Agung,dr h panji widagdo,37 tahun 2004,menolak permohonan kasasi dari pemohon kasasi pt prayoga pertambangan dan energi tersebut menghukum pemohon kasasi termohon untuk membayar biaya perkara dalam tingkat kasasi yang ditetapkan sejumlah rp5 000 000 00 lima juta rupiah,1731
case_011,137 k pdt sus pailit 2025,2024,October,21,Kepailitan,Kasasi,Mahkamah Agung,dr nani indrawati um,37 tahun 2004,1 menolak permohonan kasasi dari pemohon kasasi pt bank index selindo tersebut 2 menghukum pemohon kasasi pemohon untuk membayar biaya perkara dalam tingkat kasasi yang ditetapkan sebesar rp5 000 000 00 lima juta rupiah,2628
case_012,13 k pdt sus pailit 2025,2024,September,17,Kepailitan,Kasasi,Mahkamah Agung,hakim pengadilan niaga pada pengadilan negeri semarang berpendapat lain demi peradilan yang baik peradilan yang berdasarkan ketuhanan yang maha esa pancasila,37 tahun 2004,mengabulkan permohonan kasasi dari pemohon kasasi pt pandanarum kenanga textile pt panamtex tersebut membatalkan putusan pengadilan niaga pada pengadilan negeri semarang nomor 10 pdt sus pailit 2024 pn niaga smg tanggal 12 september 2024 mengadili sendiri menolak permohonan pailit dari para pemohon pailit menghukum para termohon kasasi para pemohon pailit untuk membayar biaya perkara dalam semua tingkat peradilan yang dalam tingkat kasasi ditetapkan sebesar rp5 000 000 00 lima juta rupiah,2018
case_013,13 pk pdt sus pailit 2025,2024,February,15,Kepailitan,Peninjauan Kembali,Mahkamah Agung,dr nurul elmiyah,37 tahun 2004,1 menolak permohonan peninjauan kembali dari pemohon peninjauan kembali pemohon keberatan i banding pt bank cimb niaga tbk tersebut 2 menghukum pemohon peninjauan kembali untuk membayar biaya perkara dalam pemeriksaan peninjauan kembali sejumlah rp10 000 000 00 sepuluh juta rupiah,1677
case_014,15 pk pdt sus pailit 2025,2024,November,14,Kepailitan,Peninjauan Kembali,Mahkamah Agung,dr ibrahim ll m,37 tahun 2004,mengabulkan permohonan pemeriksaan peninjauan kembali dari para pemohon peninjauan kembali 1 lie sugiharto 2 elsje yoshida tersebut membatalkan putusan mahkamah agung nomor 1046 k pdt sus pailit 2024 tanggal 29 agustus 2024 yang memperbaiki putusan pengadilan niaga pada pengadilan negeri semarang nomor 15 pdt sus gugatan lain lain 2024 pn niaga smg tanggal 28 mei 2024 mengadili kembali 1 menolak gugatan penggugat untuk seluruhnya 2 menghukum termohon peninjauan kembali untuk membayar biaya perkara pada pemeriksaan peninjauan kembali sejumlah rp10 000 000 00 sepuluh juta rupiah,7234
case_015,,2024,September,17,,Kasasi,Mahkamah Agung,dr sugeng santoso pn m m,13 tahun 2003,1 menolak permohonan kasasi dari pemohon kasasi pt daya mandiri plasindo tersebut 2 membebankan biaya perkara kepada negara,1577
case_016,17 pk pdt sus pailit 2025,2024,December,19,Kepailitan,Peninjauan Kembali,Mahkamah Agung,dr nani indrawati um,37 tahun 2004,1 menolak permohonan pemeriksaan peninjauan kembali dari pemohon peninjauan kembali tim kurator pt gesit irit dalam pailit tersebut 2 menghukum pemohon peninjauan kembali untuk membayar biaya perkara dalam pemeriksaan peninjauan kembali ini yang ditetapkan sebesar rp10 000 000 00 sepuluh juta rupiah,2048
case_017,185 k pdt sus pailit 2025,2024,September,30,Kepailitan,Kasasi,Mahkamah Agung,prof dr h haswandi s e um m m,37 tahun 2004,menolak permohonan kasasi dari pemohon kasasi pt industri sandang nusantara persero dalam likuidasi tersebut dari 7 hal put nomor 185 k pdt sus pailit 2025 menghukum pemohon kasasi termohon pailit untuk membayar biaya perkara dalam tingkat kasasi ini sejumlah rp5 000 000 00 lima juta rupiah,1885
case_018,187 k pdt sus pailit 2025,2024,September,18,Kepailitan,Peninjauan Kembali,Mahkamah Agung,prof dr h haswandi s e um m m,37 tahun 2004,menolak permohonan kasasi dari pemohon kasasi pt bank ocbc nisp tbk tersebut menghukum pemohon kasasi tergugat ii untuk membayar biaya perkara dalam tingkat kasasi sejumlah rp5 000 000 00 lima juta rupiah,2595
case_019,203 k pdt sus pailit 2025,2024,December,4,Kepailitan,Kasasi,Mahkamah Agung,dr h panji widagdo,37 tahun 2004,menolak permohonan kasasi dari para pemohon kasasi 1 pt rana global dan 2 bradjrana tersebut menghukum para pemohon kasasi termohon pkpu i dan ii untuk membayar biaya perkara dalam tingkat kasasi yang ditetapkan sejumlah rp5 000 000 00 lima juta rupiah,2339
case_020,204 k pdt sus pailit 2025,2024,September,19,Kepailitan,Kasasi,Mahkamah Agung,dr h panji widagdo,37 tahun 2004,menolak permohonan kasasi dari pemohon kasasi pt risman scham palm indonesia tersebut dari 12 hal put nomor 204 k pdt sus pailit 2025 memperbaiki amar putusan pengadilan niaga pada pengadilan negeri jakarta pusat nomor 45 pdt sus pembatalan perdamaian 2024 pn niaga jkt pst tanggal 25 november 2024 sehingga amar selengkapnya sebagai berikut 1 mengabulkan permohonan pembatalan putusan pengesahan perdamaian homologasi para pemohon untuk sebagian 2 menyatakan termohon pt risman scham palm indonesia telah lalai memenuhi isi perjanjian perdamaian yang telah disahkan oleh putusan nomor 59 pdt sus pkpu 2023 pn niaga jkt pst tanggal 21 desember 2023 3 membatalkan perjanjian perdamaian sebagaimana yang telah disahkan berdasarkan putusan pengadilan niaga pada pengadilan negeri jakarta pusat nomor 59 pdt sus pkpu 2023 pn niaga jkt pst tanggal 21 desember 2023 4 menyatakan termohon pt risman scham palm indonesia pailit dengan segala akibat hukumnya 5 menunjuk marper pandiangan s h m h selaku hakim niaga dari pengadilan niaga pada pengadilan negeri jakarta pusat sebagai hakim pengawas 6 menunjuk dan mengangkat 1 rudy otoluwa s h kurator dan pengurus yang terdaftar di kementerian hukum dan hak asasi manusia republik indonesia sebagaimana surat bukti pendaftaran kurator dan pengurus nomor ahu 38 ah 04 05 2024 tanggal 3 mei 2024 berkantor di rasul and co raco office perkantoran buncit mas blok aa 8 jalan kemang utara ix nomor 35 duren tiga kecamatan pancoran jakarta selatan 2 nova ristiani s h m b a kurator dan pengurus yang terdaftar di kementerian hukum dan hak asasi manusia republik indonesia sebagaimana surat bukti pendaftaran kurator dan pengurus nomor ahu 220 ah 04 05 2022 tanggal 8 september 2022 berkantor di jimmy manurung and partners law firm jalan kopi nomor 17 18 tambora jakarta barat 11230 3 febril ayuzan s h kurator dan pengurus yang terdaftar di kementerian hukum dan hak asasi manusia republik indonesia sebagaimana surat bukti pendaftaran kurator dan pengurus nomor ahu 282 ah 04 03 2020 tertanggal 30 juli 2020 jalan pahlawan revolusi kapuk ii nomor 14 rt dari 12 hal put nomor 204 k pdt sus pailit 2025 008 rw 005 kelurahan klender kecamatan duren sawit jakarta timur 13470 sebagai kurator 7 menolak permohonan pembatalan putusan pengesahan perdamaian homologasi para pemohon untuk selain dan selebihnya 8 menghukum pemohon kasasi termohon untuk membayar biaya perkara dalam tingkat kasasi yang ditetapkan sebesar rp5 000 000 00 lima juta rupiah,3170
case_021,24 k pdt sus pailit 2025,2024,September,30,Kepailitan,Kasasi,Mahkamah Agung,prof dr h haswandi s e um m m,37 tahun 2004,mengabulkan permohonan kasasi dari para pemohon kasasi 1 tusy augustine adibroto 2 murniyati 3 nurbaiti 4 jo tjong seng 5 hendravita setyasantika 6 elies muliati 7 hengky husly 8 rudi kresnawan tan 9 yuliarto adityawan 10 lestari budiarto 11 agustina ristiani 12 lilik unggul raharjo dan 13 hunter roberto tersebut membatalkan putusan pengadilan niaga pada pengadilan negeri jakarta pusat nomor 28 pdt sus gugatan lain lain 2024 pn niaga jkt pst tanggal 25 september 2024 mengadili sendiri dalam eksepsi menolak eksepsi tergugat dalam pokok perkara 1 mengabulkan gugatan para penggugat untuk seluruhnya dari 20 hal put nomor 24 k pdt sus pailit 2025 2 menyatakan para penggugat merupakan pembeli dan pemilik yang sah yang beriktikad baik dan wajib dilindungi oleh undang undang 3 menyatakan sah dan berlaku perjanjian pengikatan jual beli ppjb lavanya hills residences antara para penggugat dengan pt graha cipta suksestama dalam pailit dan pt niman internusa dalam pailit selaku developer atas unit unit rumah yang terletak di jalan raya bukit cinere kaveling 171 d rt 011 rw 005 kelurahan gandul kecamatan cinere kota depok sebagai berikut a unit rumah penggugat i cluster the alaya c 09 berdasarkan perjanjian pengikatan jual beli tanah dan bangunan lavanya hills residences nomor 037 ppjb gcs ni lhr 014 0000014 09 16 tertanggal 9 september 2016 b unit rumah penggugat ii cluster the ayana d 11 berdasarkan perjanjian pengikatan jual beli tanah dan bangunan lavanya hills residences nomor 140 ppjb gcs ni lhr 182 0000182 06 19 tertanggal 30 juni 2019 c unit rumah penggugat iii cluster the ayana d 15 berdasarkan perjanjian pengikatan jual beli tanah dan bangunan lavanya hills residences nomor 133 ppjb gcs ni lhr 176 0000176 03 19 tertanggal 16 maret 2019 d unit rumah penggugat iv cluster the ayana d 07 berdasarkan perjanjian pengikatan jual beli tanah dan bangunan lavanya hills residences nomor 117 ppjb gcs ni lhr 079 0000079 07 18 tertanggal 5 juli 2018 e unit rumah penggugat v cluster the aleza e 06 berdasarkan perjanjian pengikatan jual beli tanah dan bangunan lavanya hills residences nomor 034 ppjb gcs ni lhr 059 0000059 10 16 tertanggal 28 oktober 2016 f unit rumah penggugat vi cluster the ayana d 03 berdasarkan perjanjian pengikatan jual beli tanah dan bangunan lavanya hills residences nomor 067 ppjb gcs ni lhr 103 0000103 05 17 tertanggal 17 mei 2017 dari 20 hal put nomor 24 k pdt sus pailit 2025 g unit rumah penggugat vii cluster the alaya c 06 berdasarkan perjanjian pengikatan jual beli tanah dan bangunan lavanya hills residences nomor 048 ppjb gcs ni lhr 045 0000045 11 16 tertanggal 24 november 2016 h unit rumah penggugat viii cluster the amala b 06 berdasarkan perjanjian pengikatan jual beli tanah dan bangunan lavanya hills residences nomor 092 ppjb gcs ni lhr 124 0000124 10 17 tertanggal 2 oktober 2017 i unit rumah penggugat ix cluster the aleza c 16 berdasarkan perjanjian pengikatan jual beli tanah dan bangunan lavanya hills residences nomor 011 ppjb gcs ni lhr 007 0000005 0316 tertanggal 16 maret 2016 j unit rumah penggugat x cluster the alaya a 29 berdasarkan perjanjian pengikatan jual beli tanah dan bangunan lavanya hills residences nomor 105 ppjb gcs ni lhr 201 0000201 01 18 tertanggal 11 januari 2018 k unit rumah penggugat xi cluster the ayana d 10 berdasarkan perjanjian pengikatan jual beli tanah dan bangunan lavanya hills residences nomor 032 ppjb gcs ni lhr 067 0000067 09 16 tertanggal 9 september 2016 l unit rumah penggugat xii cluster the ayana c 08 berdasarkan perjanjian pengikatan jual beli tanah dan bangunan lavanya hills residences nomor 040 r1 ppjb gcs ni 129 0000129 r1 07 20 tertanggal 1 juli 2020 dan cluster amala a 12 berdasarkan perjanjian pengikatan jual beli tanah dan bangunan lavanya hills residences nomor 128 ppjb gcs ni lhr 222 0000222 12 18 tertanggal 18 desember 2018 m unit rumah penggugat xiii cluster the ayana d 18 berdasarkan perjanjian pengikatan jual beli tanah dan bangunan lavanya hills residences nomor 059 ppjb gcs ni lhr 116 0000116 02 17 tertanggal 6 februari 2017 dari 20 hal put nomor 24 k pdt sus pailit 2025 4 menghukum tergugat untuk mengeluarkan mencoret dari daftar harta pailit unit rumah milik para penggugat a unit rumah penggugat i cluster the alaya c 09 berdasarkan perjanjian pengikatan jual beli tanah dan bangunan lavanya hills residences nomor 037 ppjb gcs ni lhr 014 0000014 09 16 tertanggal 9 september 2016 b unit rumah penggugat ii cluster the ayana d 11 berdasarkan perjanjian pengikatan jual beli tanah dan bangunan lavanya hills residences nomor 140 ppjb gcs ni lhr 182 0000182 06 19 tertanggal 30 juni 2019 c unit rumah penggugat iii cluster the ayana d 15 berdasarkan perjanjian pengikatan jual beli tanah dan bangunan lavanya hills residences nomor 133 ppjb gcs ni lhr 176 0000176 03 19 tertanggal 16 maret 2019 d unit rumah penggugat iv cluster the ayana d 07 berdasarkan perjanjian pengikatan jual beli tanah dan bangunan lavanya hills residences nomor 117 ppjb gcs ni lhr 079 0000079 07 18 tertanggal 5 juli 2018 e unit rumah penggugat v cluster the aleza e 06 berdasarkan perjanjian pengikatan jual beli tanah dan bangunan lavanya hills residences nomor 034 ppjb gcs ni lhr 059 0000059 10 16 tertanggal 28 oktober 2016 f unit rumah penggugat vi cluster the ayana d 03 berdasarkan perjanjian pengikatan jual beli tanah dan bangunan lavanya hills residences nomor 067 ppjb gcs ni lhr 103 0000103 05 17 tertanggal 17 mei 2017 g unit rumah penggugat vii cluster the alaya c 06 berdasarkan perjanjian pengikatan jual beli tanah dan bangunan lavanya hills residences nomor 048 ppjb gcs ni lhr 045 0000045 11 16 tertanggal 24 november 2016 h unit rumah penggugat viii cluster the amala b 06 berdasarkan perjanjian pengikatan jual beli tanah dan bangunan lavanya hills dari 20 hal put nomor 24 k pdt sus pailit 2025 residences nomor 092 ppjb gcs ni lhr 124 0000124 10 17 tertanggal 2 oktober 2017 i unit rumah penggugat ix cluster the aleza c 16 berdasarkan perjanjian pengikatan jual beli tanah dan bangunan lavanya hills residences nomor 011 ppjb gcs ni lhr 007 0000005 0316 tertanggal 16 maret 2016 j unit rumah penggugat x cluster the alaya a 29 berdasarkan perjanjian pengikatan jual beli tanah dan bangunan lavanya hills residences nomor 105 ppjb gcs ni lhr 201 0000201 01 18 tertanggal 11 januari 2018 k unit rumah penggugat xi cluster the ayana d 10 berdasarkan perjanjian pengikatan jual beli tanah dan bangunan lavanya hills residences nomor 032 ppjb gcs ni lhr 067 0000067 09 16 tertanggal 9 september 2016 l unit rumah penggugat xii cluster the ayana c 08 berdasarkan perjanjian pengikatan jual beli tanah dan bangunan lavanya hills residences nomor 040 r1 ppjb gcs ni 129 0000129 r1 07 20 tertanggal 1 juli 2020 dan cluster amala a 12 berdasarkan perjanjian pengikatan jual beli tanah dan bangunan lavanya hills residences nomor 128 ppjb gcs ni lhr 222 0000222 12 18 tertanggal 18 desember 2018 m unit rumah penggugat xiii cluster the ayana d 18 berdasarkan perjanjian pengikatan jual beli tanah dan bangunan lavanya hills residences nomor 059 ppjb gcs ni lhr 116 0000116 02 17 tertanggal 6 februari 2017 5 menyatakan perjanjian pengikatan jual beli ppjb lavanya hills residences antara pt graha cipta suksestama dalam pailit dan pt niman internusa dalam pailit selaku debitor pailit dengan para penggugat dilanjutkan dengan segala hak dan kewajiban dalam perjanjian khususnya proses akta jual beli dan penerbitan sertifikat hak milik unit rumah telah sesuai ketentuan perundangan yang berlaku dan wajib dilaksanakan baik oleh kurator maupun instansi terkait lainnya dari 20 hal put nomor 24 k pdt sus pailit 2025 menghukum termohon kasasi untuk membayar biaya perkara dalam tingkat kasasi ini sejumlah rp5 000 000 00 lima juta rupiah,5611
case_022,260 k pdt sus pailit 2025,2024,September,24,Kepailitan,Kasasi,Mahkamah Agung,dr nurul elmiyah,37 tahun 2004,1 menolak permohonan kasasi dari pemohon kasasi pt indomobil trada nasional tersebut 2 menghukum pemohon kasasi untuk membayar biaya perkara dalam tingkat kasasi yang ditetapkan sebesar rp5 000 000 00 lima juta rupiah,1507
case_023,261 k pdt sus pailit 2025,2024,October,24,Kepailitan,Kasasi,Mahkamah Agung,dr nani indrawati um,37 tahun 2004,1 menolak permohonan kasasi dari para pemohon kasasi 1 pt bima sepaja abadi 2 pt jasa prima logistik bulog tersebut 2 menghukum para pemohon kasasi untuk membayar biaya perkara dalam tingkat kasasi yang ditetapkan sebesar rp5 000 000 00 lima juta rupiah,2052
case_024,265 k pdt sus pailit 2025,2024,September,27,Kepailitan,Kasasi,Mahkamah Agung,dari 8 hal put nomor 265 k pdt sus pailit 2025 prof dr h haswandi s e um m m,37 tahun 2004,menolak permohonan kasasi dari pemohon kasasi pt regency utama indonesia pt rui tersebut menghukum pemohon kasasi termohon pembatalan perdamaian untuk membayar biaya perkara dalam tingkat kasasi ditetapkan sejumlah rp5 000 000 00 lima juta rupiah,2033
case_025,277 k pdt sus pailit 2025,2022,December,19,Kepailitan,Peninjauan Kembali,Mahkamah Agung,dr nurul elmiyah,37 tahun 2004,mengabulkan permohonan kasasi dari pemohon kasasi tim kurator pt karebet mas indonesia dalam pailit tersebut membatalkan putusan pengadilan niaga pada pengadilan negeri surabaya nomor 26 pdt sus gugatan lain lain 2024 pn niaga sby juncto nomor 38 pdt sus pkpu 2022 pn niaga sby tanggal 27 agustus 2024 mengadili sendiri 1 mengabulkan gugatan penggugat sebagian 2 menyatakan tergugat telah melakukan perbuatan melawan hukum berupa kesalahan dan atau kelalaian dalam melakukan pengurusan terhadap pt karebet mas indonesia dalam pailit tidak didasari dengan itikad baik dan tidak menerapkan prinsip kehati hatian melakukan penjaminan yang menimbulkan kerugian bagi perseroan sehingga mengakibatkan pt karebet mas indonesia dalam pailit jatuh pailit 3 menyatakan tergugat bertanggung jawab untuk membayar lunas utang pt karebet mas indonesia dalam pailit kepada kreditor pt karebet mas indonesia dalam pailit yang belum terbayar lunas dari kekayaan pt karebet mas indonesia dalam pailit 4 menyatakan harta pribadi tergugat merupakan harta pailit pt karebet mas indonesia dalam pailit yang pengurusan dan pemberesannya dilakukan oleh tim kurator pt karebet mas indonesia dalam pailit guna membayar kewajiban kepada para kreditor pt karebet mas indonesia dalam pailit sesuai daftar piutang tetap 5 menyatakan sejak putusan ini harta pribadi tergugat saat ini dan yang akan timbul di kemudian hari kontinjen dalam sita umum yang pengurusan dan pemberesannya dilakukan oleh tim kurator pt karebet mas indonesia dalam pailit guna dapat membayar utang debitor kepada para kreditur pt karebet mas indonesia dalam pailit sesuai dalam daftar piutang tetap dari 12 hal put nomor 277 k pdt sus pailit 2025 6 menolak gugatan penggugat selain dan selebihnya menghukum termohon kasasi tergugat untuk membayar biaya perkara dalam semua tingkat peradilan yang dalam tingkat kasasi ditetapkan sejumlah rp5 000 000 00 lima juta rupiah,2975
case_026,281 k pdt sus pailit 2025,2024,September,10,Kepailitan,Kasasi,Mahkamah Agung,prof dr h haswandi s e um m m,37 tahun 2004,1 menolak permohonan kasasi dari para pemohon kasasi 1 inawati suhardiman 2 irene suhardiman 3 eva tanuri 4 rita johakartono 5 rudi sucianto djong dan 6 irwan antonius sudarma tersebut 2 menghukum para pemohon kasasi untuk membayar biaya perkara dalam tingkat kasasi ini sejumlah rp5 000 000 00 lima juta rupiah,2865
case_027,297 k pdt sus pailit 2025,2024,April,24,Kepailitan,Kasasi,Mahkamah Agung,prof dr h haswandi s e um m m,37 tahun 2004,menolak permohonan kasasi dari pemohon kasasi pt bank artha graha internasional tbk tersebut menghukum pemohon kasasi untuk membayar biaya perkara dalam tingkat kasasi sejumlah rp5 000 000 00 lima juta rupiah,8769
case_028,305 k pdt sus pailit 2025,2024,February,29,Kepailitan,Kasasi,Mahkamah Agung,dr h panji widagdo,37 tahun 2004,mengabulkan permohonan kasasi dari pemohon kasasi saiful arifin tersebut membatalkan putusan pengadilan niaga pada pengadilan negeri jakarta pusat nomor 44 pdt sus gugatanlain lain 2024 pn niaga jkt pst tanggal 19 november 2024 mengadili sendiri 1 mengabulkan gugatan penggugat untuk seluruhnya 2 menyatakan sertipikat hak milik nomor 01002 pati lor atas nama saiful arifin seluas 863 m2 delapan ratus enam puluh tiga meter persegi dan sertipikat hak milik nomor 01843 pati lor atas nama saiful arifin seluas 1 404 m2 seribu empat ratus empat meter persegi yang terdaftar di badan pertanahan kabupaten pati jawa tengah bukan merupakan harta pailit milik pt arifindo grha pratama dalam pailit 3 mengangkat sita umum yang diletakkan atas sertipikat hak milik nomor 01002 pati lor atas nama saiful arifin seluas 863 m2 delapan ratus enam puluh tiga meter persegi dan sertipikat hak milik nomor 01843 pati lor atas nama saiful arifin seluas 1 404 m2 seribu empat dari 8 hal putusan nomor 305 k pdt sus pailit 2025 ratus empat meter persegi yang terdaftar di badan pertanahan kabupaten pati jawa tengah dengan segala akibat hukumnya 4 memerintahkan tim kurator pt arifindo grha pratama dalam pailit untuk mencoret dan mengeluarkan sertipikat hak milik nomor 01002 pati lor atas nama saiful arifin seluas 863 m2 delapan ratus enam puluh tiga meter persegi dan sertipikat hak milik nomor 01843 pati lor atas nama saiful arifin seluas 1 404 m2 seribu empat ratus empat meter persegi dari daftar aset harta pailit pertama pt arifindo grha pratama dalam pailit tanggal 29 februari 2024 menghukum termohon kasasi i dan ii untuk membayar biaya perkara dalam tingkat kasasi yang ditetapkan sebesar rp5 000 000 00 lima juta rupiah,2045
case_029,307 k pdt sus pailit 2025,2024,December,2,Kepailitan,Kasasi,Mahkamah Agung,prof dr h haswandi s e um m m,37 tahun 2004,menolak permohonan kasasi dari pemohon kasasi supardji tersebut memperbaiki amar putusan pengadilan niaga pada pengadilan negeri jakarta pusat nomor 25 pdt sus pailit gll 2024 pn niaga jkt pst juncto nomor 5 pdt sus pailit 2000 pn niaga jkt pst tanggal 28 november 2024 sehingga amar selengkapnya sebagai berikut menolak gugatan penggugat seluruhnya menghukum pemohon kasasi semula penggugat untuk membayar biaya perkara dalam tingkat kasasi ini sejumlah rp5 000 000 00 lima juta rupiah,4345
case_030,308 k pdt sus pailit 2025,2024,August,16,Kepailitan,Kasasi,Mahkamah Agung,dengan dihadiri para hakim anggota tersebut,37 tahun 2004,menolak permohonan kasasi dari para pemohon kasasi 1 cv 369 tobacco 2 goenadi 3 lenny hendrawati tersebut memperbaiki amar putusan pengadilan niaga pada pengadilan negeri surabaya nomor 29 pdt sus gugatan lain lain 2024 pn niaga sby juncto nomor 12 pdt sus pkpu 2016 pn niaga sby tanggal 13 agustus 2024 sehingga amar selengkapnya dari 9 hal put nomor 308 k pdt sus pailit 2025 sebagai berikut menolak gugatan para penggugat untuk seluruhnya menghukum para pemohon kasasi para penggugat untuk membayar biaya perkara dalam tingkat kasasi yang ditetapkan sebesar rp5 000 000 00 lima juta rupiah,2201
case_031,323 k pdt sus pailit 2025,2024,September,17,Kepailitan,Kasasi,Mahkamah Agung,prof dr h haswandi s e um m m,37 tahun 2004,mengabulkan permohonan kasasi dari pemohon kasasi i pt bank mandiri persero tbk dan pemohon kasasi ii agus hartono dalam pailit yang dalam hal ini diwakili oleh tim kurator agus hartono dalam pailit tersebut dari 12 hal put nomor 323 k pdt sus pailit 2025 membatalkan putusan pengadilan pengadilan niaga pada pengadilan negeri semarang nomor 30 pdt sus gugatan lain lain 2024 pn niaga smg juncto nomor 19 pdt sus pailit 2020 pn niaga smg juncto nomor 9 pdt sus pkpu 2020 pn niaga smg tanggal 29 oktober 2024 mengadili sendiri 1 menolak gugatan penggugat untuk seluruhnya 2 menghukum termohon kasasi penggugat untuk membayar biaya perkara dalam semua tingkat peradilan yang dalam tingkat kasasi ditetapkan sebesar rp5 000 000 00 lima juta rupiah,3052
case_032,344 k pdt sus pailit 2025,2024,December,10,Kepailitan,Kasasi,Mahkamah Agung,dr nani indrawati um,37 tahun 2004,mengabulkan permohonan kasasi dari pemohon kasasi tim kurator pt berkat manunggal jaya agus budiharto iskandar poejiono dan wahyu iskandar dalam pailit 1 dr dedy ardian prasetyo s h ll m 2 dr sahat marulitua sidabukke s h ll m 3 dr ahmad dwi nuryanto s h m h 4 jansen kristoper ginting s h m h tersebut membatalkan putusan pengadilan niaga pada pengadilan negeri semarang nomor 31 pdt sus gugatan lain lain 2024 pn niaga smg juncto nomor 8 pdt sus pailit 2021 pn niaga smg juncto nomor 28 pdt sus pkpu 2020 pn niaga smg tanggal 4 desember 2024 mengadili sendiri dalam provisi menolak tuntutan provisi penggugat dalam pokok perkara 1 mengabulkan gugatan penggugat untuk sebagian 2 menyatakan tanah dan atau bangunan yang diuraikan dalam a sertifikat hak milik nomor 01993 kelurahan kerobokan kelod atas nama poei tjin hwa wahyu iskandar in casu tergugat ii seluas 5 165 m2 terletak di kelurahan kerobokan kelod kecamatan kuta utara kabupaten badung tercatat pada kantor pertanahan kabupaten badung b sertifikat hak guna bangunan nomor 00160 kelurahan dauh puri klod atas nama poei tjin hwa wahyu iskandar in casu tergugat ii seluas 72 m2 terletak di kelurahan dauh puri klod kecamatan denpasar barat kota denpasar tercatat pada kantor pertanahan kabupaten denpasar c sertifikat hak guna bangunan nomor 00163 kelurahan dauh dari 19 hal put nomor 344 k pdt sus pailit 2025 puri klod atas nama poei tjin hwa wahyu iskandar in casu tergugat ii seluas 72 m2 terletak di kelurahan dauh puri klod kecamatan denpasar barat kota denpasar tercatat pada kantor pertanahan kabupaten denpasar d sertifikat hak guna bangunan nomor 00164 kelurahan dauh puri klod atas nama poei tjin hwa wahyu iskandar in casu tergugat ii seluas 72 m2 terletak di kelurahan dauh puri klod kecamatan denpasar barat kota denpasar tercatat pada kantor pertanahan kabupaten denpasar merupakan harta pailit tergugat ii in casu poei tjin hwa wahyu iskandar dalam pailit 3 menyatakan penggugat selaku tim kurator pt berkat manunggal jaya agus budiharto iskandar poejiono dan wahyu iskandar dalam pailit berhak melakukan pengurusan dan atau pemberesan atas seluruh harta pailit tergugat ii in casu poei tjin hwa wahyu iskandar dalam pailit yang dalam hal ini terdiri dari a sertifikat hak milik nomor 01993 kelurahan kerobokan kelod atas nama poei tjin hwa wahyu iskandar in casu tergugat ii seluas 5 165 m2 terletak di kelurahan kerobokan kelod kecamatan kuta utara kabupaten badung tercatat pada kantor pertanahan kabupaten badung b sertifikat hak guna bangunan nomor 00160 kelurahan dauh puri klod atas nama poei tjin hwa wahyu iskandar in casu tergugat ii seluas 72 m2 terletak di kelurahan dauh puri klod kecamatan denpasar barat kota denpasar tercatat pada kantor pertanahan kabupaten denpasar c sertifikat hak guna bangunan nomor 00163 kelurahan dauh puri klod atas nama poei tjin hwa wahyu iskandar in casu tergugat ii seluas 72 m2 terletak di kelurahan dauh puri klod kecamatan denpasar barat kota denpasar tercatat pada kantor pertanahan kabupaten denpasar d sertifikat hak guna bangunan nomor 00164 kelurahan dauh dari 19 hal put nomor 344 k pdt sus pailit 2025 puri klod atas nama poei tjin hwa wahyu iskandar in casu tergugat ii seluas 72 m2 terletak di kelurahan dauh puri klod kecamatan denpasar barat kota denpasar tercatat pada kantor pertanahan kabupaten denpasar 4 menyatakan dan menghukum serta memerintahkan para tergugat untuk menyerahkan asli keempat bukti kepemilikan tanah dan bangunan kepada penggugat yang terdiri dari a sertifikat hak milik nomor 01993 kelurahan kerobokan kelod atas nama poei tjin hwa wahyu iskandar in casu tergugat ii seluas 5 165 m2 terletak di kelurahan kerobokan kelod kecamatan kuta utara kabupaten badung tercatat pada kantor pertanahan kabupaten badung b sertifikat hak guna bangunan nomor 00160 kelurahan dauh puri klod atas nama poei tjin hwa wahyu iskandar in casu tergugat ii seluas 72 m2 terletak di kelurahan dauh puri klod kecamatan denpasar barat kota denpasar tercatat pada kantor pertanahan kabupaten denpasar c sertifikat hak guna bangunan nomor 00163 kelurahan dauh puri klod atas nama poei tjin hwa wahyu iskandar in casu tergugat ii seluas 72 m2 terletak di kelurahan dauh puri klod kecamatan denpasar barat kota denpasar tercatat pada kantor pertanahan kabupaten denpasar d sertifikat hak guna bangunan nomor 00164 kelurahan dauh puri klod atas nama poei tjin hwa wahyu iskandar in casu tergugat ii seluas 72 m2 terletak di kelurahan dauh puri klod kecamatan denpasar barat kota denpasar tercatat pada kantor pertanahan kabupaten denpasar 5 menyatakan penggugat selaku tim kurator pt berkat manunggal jaya agus budiharto iskandar poejiono dan wahyu iskandar dalam pailit berhak dan berwenang melakukan seluruh langkah langkah hukum dan tindakan tindakan hukum untuk pengurusan dan pemberesan termasuk melakukan penjualan di muka umum maupun dari 19 hal put nomor 344 k pdt sus pailit 2025 penjualan di bawah tangan terhadap keempat tanah dan atau bangunan yang diuraikan dalam a sertifikat hak milik nomor 01993 kelurahan kerobokan kelod atas nama poei tjin hwa wahyu iskandar in casu tergugat ii seluas 5 165 m2 terletak di kelurahan kerobokan kelod kecamatan kuta utara kabupaten badung tercatat pada kantor pertanahan kabupaten badung b sertifikat hak guna bangunan nomor 00160 kelurahan dauh puri klod atas nama poei tjin hwa wahyu iskandar in casu tergugat ii seluas 72 m2 terletak di kelurahan dauh puri klod kecamatan denpasar barat kota denpasar tercatat pada kantor pertanahan kabupaten denpasar c sertifikat hak guna bangunan nomor 00163 kelurahan dauh puri klod atas nama poei tjin hwa wahyu iskandar in casu tergugat ii seluas 72 m2 terletak di kelurahan dauh puri klod kecamatan denpasar barat kota denpasar tercatat pada kantor pertanahan kabupaten denpasar d sertifikat hak guna bangunan nomor 00164 kelurahan dauh puri klod atas nama poei tjin hwa wahyu iskandar in casu tergugat ii seluas 72 m2 terletak di kelurahan dauh puri klod kecamatan denpasar barat kota denpasar tercatat pada kantor pertanahan kabupaten denpasar 6 menolak gugatan penggugat untuk selain dan selebihnya menghukum para temohon kasasi membayar biaya perkara pada semua tingkat peradilan yang pada tingkat kasasi rp5 000 000 00 lima juta rupiah,5144
case_033,36 k pdt sus pailit 2025,2022,May,10,Kepailitan,Kasasi,Mahkamah Agung,prof dr h haswandi s e um m m,37 tahun 2004,1 menolak permohonan kasasi dari pemohon kasasi 1 carrel ticualu s e s h m h 2 agus dwiwarsono s h m h dan 3 madyo sidiharta s h tim kurator pt graha cipta suksestama dalam pailit dan pt niman internusa dalam pailit tersebut 2 menghukum pemohon kasasi untuk membayar biaya perkara dalam tingkat kasasi ini sejumlah rp5 000 000 00 lima juta rupiah,4194
case_034,370 k pdt sus pailit 2025,2024,November,21,Kepailitan,Kasasi,Mahkamah Agung,prof dr h haswandi s e um m m,37 tahun 2004,menolak permohonan kasasi dari pemohon kasasi pt murni aldana manajemen tersebut memperbaiki amar putusan pengadilan niaga pada pengadilan negeri jakarta pusat nomor 37 pdt sus gugatan lain lain 2024 pn niaga jkt pst tanggal 14 november 2024 sehingga amar selengkapnya sebagai berikut dari 9 halaman putusan nomor 370 k pdt sus pailit 2025 1 mengabukan gugatan penggugat untuk sebagian 2 menyatakan tergugat i telah melakukan perbuatan melawan hukum karena menagih di luar tagihan proses kepailitan kepada tergugat ii drh hartono dalam pailit 3 menyatakan tagihan tergugat i yang ditujukan terhadap tergugat ii di luar kepailitan senilai rp16 201 008 764 00 enam belas miliar dua ratus satu juta delapan ribu tujuh ratus enam puluh empat rupiah adalah tidak sah 4 menghukum turut tergugat i dan turut tergugat ii untuk tunduk dan patuh terhadap putusan ini 5 menghukum tergugat i membayar biaya perkara ini sejumlah rp4 580 000 00 empat juta lima ratus delapan puluh ribu rupiah 6 menolak gugatan selain dan selebihnya menghukum pemohon kasasi tergugat i untuk membayar biaya perkara dalam tingkat kasasi sejumlah rp5 000 000 00 lima juta rupiah,2146
case_035,38 k pdt sus pailit 2025,2024,September,19,Kepailitan,Kasasi,Mahkamah Agung,prof dr h haswandi s e um m m,37 tahun 2004,menolak permohonan kasasi dari para pemohon kasasi 1 pt berkat manunggal jaya 2 agus budiharto dan 3 iskandar poejiono tersebut memperbaiki amar putusan pengadilan niaga pada pengadilan negeri semarang nomor 42 pdt sus gugatanlain lain 2023 pn smg juncto nomor 8 pdt sus pailit 2021 pn smg tanggal 19 september 2024 sehingga amar selengkapnya sebagai berikut dalam pokok perkara 1 menolak gugatan para penggugat dari 12 hal putusan nomor 38 k pdt sus pailit 2025 2 menghukum para penggugat untuk membayar biaya perkara dalam perkara ini sejumlah rp3 246 000 00 tiga juta dua ratus empat puluh enam ribu rupiah menghukum para pemohon kasasi para penggugat untuk membayar biaya perkara dalam tingkat kasasi yang ditetapkan sebesar rp5 000 000 00 lima juta rupiah,3367
case_036,,2021,January,27,Kepailitan,Kasasi,Mahkamah Agung,,37 tahun 2004,menolak permohonan kasasi daripemohon kasasi tim kurator ptindustri gelas dalam pailit 1 hotcen gunawan lingga s h m h dan2 r astuti sitanggang s h m h tersebut menghukumpemohon kasasi termohonuntuk membayar biaya perkaradalam tingkat kasasi yang ditetapkan sebesar rp5 000 000 00 lima jutarupiah,1507
case_037,3 pk pdt sus pailit 2025,2024,August,15,Kepailitan,Peninjauan Kembali,Mahkamah Agung,dr drs m yunus wahab dr h yodi martono wahyunadi dr h abdul manaf,37 tahun 2004,1 menolak permohonan peninjauan kembali kedua dari pemohon peninjauan kembali ii kedua pt alam galaxy tersebut dari 13 hal put nomor 3 pk pdt sus pailit 2025 2 menghukum pemohon peninjauan kembali ii kedua untuk membayar biaya perkara dalam pemeriksaan peninjauan kembali kedua ini sejumlah rp10 000 000 00 sepuluh juta rupiah,3346
case_038,40 k pdt sus pailit 2025,2024,March,21,Kepailitan,Kasasi,Mahkamah Agung,prof dr h haswandi s e um m m,37 tahun 2004,menolak permohonan kasasi dari pemohon kasasi kurator pt industri gelas dalam pailit tersebut menghukum pemohon kasasi termohon renvoi prosedur untuk membayar biaya perkara dalam tingkat kasasi ditetapkan sejumlah rp5 000 000 00 lima juta rupiah,1812
case_039,417 k pdt sus pailit 2025,2024,December,23,Kepailitan,Peninjauan Kembali,Mahkamah Agung,prof dr h haswandi s e um m m,37 tahun 2004,menolak permohonan kasasi dari pemohon kasasi pt bank central asia tbk tersebut menghukum pemohon kasasi dahulu penggugat untuk membayar biaya perkara dalam tingkat kasasi yang ditetapkan sejumlah rp5 000 000 00 lima juta rupiah,1963
case_040,418 k pdt sus pailit 2025,2025,January,21,Kepailitan,Kasasi,Mahkamah Agung,prof dr haswandi s e um m m,37 tahun 2004,1 menolak permohonan kasasi dari pemohon kasasi pt bank index selindo tersebut 2 menghukum pemohon kasasi untuk membayar biaya perkara dalam tingkat kasasi ditetapkan sejumlah rp5 000 000 00 lima juta rupiah,3009
case_041,420 k pdt sus pailit 2025,2025,February,6,Kepailitan,Kasasi,Mahkamah Agung,prof dr h haswandi s e um m m,37 tahun 2004,1 menolak permohonan kasasi dari para pemohon kasasi 1 tjahja mihardja 2 arif suharjo dan 3 ahmad nurcholis tersebut 2 menghukum para pemohon kasasi dahulu pemohon untuk membayar biaya perkara dalam tingkat kasasi yang ditetapkan sebesar rp5 000 000 00 lima juta rupiah,1807
case_042,44 k pdt sus pailit 2025,2024,July,15,Kepailitan,Kasasi,Mahkamah Agung,dr h panji widagdo,37 tahun 2004,mengabulkan permohonan kasasi dari para pemohon kasasi 1 pt bank dbs indonesia 2 pt karya investama perkasa 3 notaris dan ppat pratiwi handayani s h tersebut membatalkan putusan pengadilan niaga pada pengadilan negeri jakarta dari 20 hal put nomor 44 k pdt sus pailit 2025 pusat nomor 26 pdt sus gugatan lain lain 2024 pn niaga jkt pst juncto nomor 353 pdt sus pkpu 2021 pn niaga jkt pst tanggal 3 oktober 2024 mengadili sendiri dalam provisi menolak provisi penggugat dalam pokok perkara menolak gugatan lain lain dari penggugat untuk seluruhnya menghukum termohon kasasi penggugat untuk membayar biaya perkara dalam semua tingkat peradilan yang dalam tingkat kasasi sejumlah rp5 000 000 00 lima juta rupiah,5352
case_043,45 k pdt sus pailit 2025,2024,October,24,Kepailitan,Kasasi,Mahkamah Agung,dr h panji widagdo,37 tahun 2004,menolak permohonan kasasi dari pemohon kasasi dahulu penggugat tim kurator pt istaka karya persero dalam pailit yaitu otto bismark simanjuntak s h jimmy j s pangau s h m h c l a yohanes sulung hasiando s h dan i putu edwin wibisana kartika s h tersebut menghukum pemohon kasasi dahulu penggugat untuk membayar biaya perkara dalam tingkat kasasi yang ditetapkan sebesar rp5 000 000 00 lima juta rupiah,2157
case_044,49 k pdt sus pailit 2025,2024,October,8,Kepailitan,Kasasi,Mahkamah Agung,dr h panji widagdo,37 tahun 2004,mengabulkan permohonan kasasi dari pemohon kasasi pt selaras mitra sejati tersebut membatalkan putusan pengadilan niaga pada pengadilan negeri jakarta pusat nomor 26 pdt sus pembatalan perdamaian 2024 pn niaga jkt pst tanggal 3 oktober 2024 dari 9 hal put nomor 49 k pdt sus pailit 2025 mengadili sendiri menolak permohonan pembatalan perdamaian dari para pemohon pembatalan untuk seluruhnya menghukum para termohon kasasi para pemohon pembatalan untuk membayar biaya perkara dalam semua tingkat peradilan yang dalam tingkat kasasi sejumlah rp5 000 000 00 lima juta rupiah,2386
case_045,4 pk pdt sus pailit 2025,2024,July,2,Kepailitan,Peninjauan Kembali,Mahkamah Agung,hakim pengadilan niaga pada pengadilan negeri surabaya berpendapat lain maka untuk,37 tahun 2004,1 menolak permohonan peninjauan kembali dari pemohon peninjauan kembali pt sinar galaxy tersebut 2 menghukum pemohon peninjauan kembali untuk membayar biaya perkara dalam pemeriksaan peninjauan kembali ini yang ditetapkan sebesar rp10 000 000 00 sepuluh juta rupiah,3546
case_046,573 k pdt sus pailit 2024,2023,November,30,Kepailitan,Peninjauan Kembali,Mahkamah Agung,hakim pengadilan niaga pada pengadilan negeri surabaya berpendapat lain maka untuk,37 tahun 2004,mengabulkan permohonan kasasi dari para pemohon kasasi 1 roy revanus anadarko 2 soedarsono 3 albert budi dharmawan 4 pt alam galaxy dalam pailit tersebut membatalkan putusan pengadilan niaga pada pengadilan negeri surabaya nomor 38 pdt sus gugatan lain lain 2023 pn niaga sby juncto nomor 54 pdt sus pkpu 2021 pn niaga sby tanggal 27 november 2023 mengadili sendiri dalam eksepsi mengabulkan eksepsi tergugat i tergugat ii tergugat iii dan tergugat iv dalam pokok perkara menyatakan gugatan penggugat tidak dapat diterima niet ontvankelijk verklaard menghukum termohon kasasi untuk membayar biaya perkara dalam tingkat kasasi yang ditetapkan sebesar rp5 000 000 00 lima juta rupiah,3561
case_047,575 k pdt sus pailit 2024,2023,December,4,Kepailitan,Peninjauan Kembali,Mahkamah Agung,hakim pengadilan niaga pada pengadilan negeri surabaya berpendapat lain maka untuk,37 tahun 2004,mengabulkan permohonan kasasi dari para pemohon kasasi 1 roy revanus anadarko 2 soedarsono 3 albert budi dharmawan 4 pt alam galaxy dalam pailit tersebut membatalkan putusan pengadilan niaga pada pengadilan negeri surabaya nomor 40 pdt sus gugatan lain lain 2023 pn niaga sby juncto nomor 54 pdt sus pkpu 2021 pn niaga sby tanggal 1 desember 2023 mengadili sendiri dalam eksepsi mengabulkan eksepsi para tergugat dari 9 hal put nomor 575 k pdt sus pailit 2024 dalam pokok perkara menyatakan gugatan penggugat tidak dapat diterima niet ontvankelijke verklaard menghukum termohon kasasi penggugat untuk membayar biaya perkara dalam semua tingkat peradilan yang pada tingkat kasasi ini sejumlah rp5 000 000 00 lima juta rupiah,2361
case_048,5 k pdt sus pailit 2025,2024,January,31,Kepailitan,Peninjauan Kembali,Mahkamah Agung,prof dr h haswandi s e um m m,37 tahun 2004,menolak permohonan kasasi dari pemohon kasasi kepala kantor pertanahan kabupaten pasuruan tersebut menghukum pemohon kasasi tergugat i untuk membayar biaya perkara dalam tingkat kasasi sejumlah rp5 000 000 00 lima juta rupiah,3056
case_049,603 k pdt sus pailit 2024,2023,December,4,Kepailitan,Peninjauan Kembali,Mahkamah Agung,hakim pengadilan niaga pada pengadilan negeri surabaya berpendapat lain maka untuk,37 tahun 2004,1 mengabulkan permohonan kasasi dari para pemohon kasasi 1 roy revanus anadarko 2 soedarsono 3 albert budi dharmawan dan 4 pt alam galaxy dalam pailit tersebut 2 membatalkan putusan pengadilan niaga pada pengadilan negeri surabaya nomor 43 pdt sus gugatan lain lain 2023 pn niaga sby juncto nomor 54 pdt sus pkpu 2021 pn niaga sby tanggal 1 desember 2023 mengadili sendiri dalam eksepsi mengabulkan eksepsi para tergugat dalam pokok perkara menyatakan gugatan penggugat tidak dapat diterima niet ontvankelijke verklaard 3 menghukum termohon kasasi dahulu penggugat untuk membayar biaya perkara dalam semua tingkat peradilan yang dalam tingkat kasasi sebesar rp5 000 000 00 lima juta rupiah dari 10 hal putusan nomor 603 k pdt sus pailit 2024,2596
case_050,606 k pdt sus pailit 2024,2023,December,4,Kepailitan,Peninjauan Kembali,Mahkamah Agung,hakim pengadilan niaga pada pengadilan negeri surabaya berpendapat lain maka untuk,37 tahun 2004,1 mengabulkan permohonan kasasi dari para pemohon kasasi 1 roy revanus anadarko 2 soedarsono 3 albert budi dharmawan 4 pt alam galaxy dalam pailit tersebut 2 membatalkan putusan pengadilan niaga pada pengadilan negeri surabaya nomor 41 pdt sus gugatan lain lain 2023 pn niaga sby juncto nomor 54 pdt sus pkpu 2021 pn niaga sby tanggal 1 desember 2023 mengadili sendiri dalam eksepsi menyatakan mengabulkan eksepsi tergugat i tergugat ii tergugat iii dan tergugat iv dalam pokok perkara menyatakan gugatan tidak dapat diterima 3 menghukum termohon kasasi untuk membayar biaya perkara pada tingkat kasasi ini sejumlah rp5 000 000 00 lima juta rupiah,3253
case_051,63 pk pdt sus pailit 2024,2024,June,7,Kepailitan,Peninjauan Kembali,Mahkamah Agung,dr h panji widagdo,37 tahun 2004,1 menolak permohonan peninjauan kembali dari para pemohon peninjauan kembali 1 elly marlina 2 yully suhartina k s e 3 laksmi handayani 4 dra yuli yulianti 5 beatrix blandina parengkuan tersebut 2 menghukum para pemohon peninjauan kembali kreditor lain untuk membayar biaya pemeriksaan peninjauan kembali ini sebesar rp10 000 000 00 sepuluh juta rupiah,2502
case_052,1473 k pdt sus pailit 2021,2024,October,28,Kepailitan,Peninjauan Kembali,Mahkamah Agung,hakim pengadilan niaga pada pengadilannegeri jakarta pusat berpendapat lain mohon putusan yang seadil adilnya ex aequo et bono menimbang bahwa terhadap gugatan tersebuttergugat i tergugatiidan tergugatiiimengajukan eksepsi yang pada pokoknya 1 eksepsinebis in idem 2 eksepsiobscuur libel bahwa terhadap permohonan tersebutpengadilan niagapada halaman7dari11hal putusannomor64k pdt sus pailit 2025pengadilan negerijakarta pusattelah memberikan putusan nomor30 pdt sus gugatan lain lain 2024 pnniaga jkt pst junctonomor4 pdt sus pkpu 2018 pn niaga jkt pst tanggal17 oktober 2024 yangamarnya sebagai berikut 1 menolak gugatan lain lain penggugat 2 menghukum penggugat untuk membayar biaya perkara sejumlahrp2 140 000 00 dua juta seratus empat puluh ribu rupiah menimbang bahwa sesudah putusan pengadilan niaga padapengadilan negerijakarta pusattersebutdiucapkan dengan hadirnyakuasapenggugatdan kuasa paratergugatpada tanggal17 oktober 2024 terhadapputusan tersebutpenggugatmelaluikuasanya berdasarkan surat kuasakhusus tanggal21 oktober 2024 mengajukan permohonan kasasi padatanggal24 oktober 2024 sebagaimana ternyata dari akta permohonan kasasidan memori kasasi perkara kepailitannomor63kas pdt sus pailit 2024 pn niaga jkt pst junctonomor30 pdt sus gugatan lain lain 2024 pn niaga jkt pst yang dibuat oleh panitera pengadilan niagapadapengadilan negerijakarta pusat permohonan tersebut disertai dengan memorikasasi yang diterima di kepaniteraanpengadilan niagapada pengadilannegerijakarta pusatpada tanggal24 oktober 2024 menimbang bahwapermohonan kasasia quobeserta alasan alasannyatelah diberitahukan kepada pihak lawan dengan seksama diajukan dalamtenggang waktu,37 tahun 2004,menolak permohonan kasasi daripemohon kasasi tim kurator ptjaya smart technology pt royal standard untungsastrawijaya irma halim dalam pailit 1 ronald albetnapitupulu s h m h dan2 pangeran andrew hutapea s h m h tersebut menghukumpemohon kasasi penggugatuntuk membayar biaya perkaradalam tingkat kasasi yang ditetapkan sebesar rp5 000 000 00 lima jutarupiah,2365
case_053,65 k pdt sus pailit 2025,2024,July,20,Kepailitan,Kasasi,Mahkamah Agung,dr nurul elmiyah,37 tahun 2004,1 menolak permohonan kasasi dari para pemohon kasasi 1 h fau richard masdjedi 2 purnawan hartaja tersebut 2 menghukum para pemohon kasasi untuk membayar biaya perkara dalam tingkat kasasi yang ditetapkan sebesar rp 5 000 000 00 lima juta rupiah,2825
case_054,66 k pdt sus pailit 2025,2024,April,30,Kepailitan,Kasasi,Mahkamah Agung,prof dr h haswandi s e um m m,37 tahun 2004,menolak permohonan kasasi dari pemohon kasasi pt argile asia partners tersebut dari 9 hal put nomor 66 k pdt sus pailit 2025 menghukum pemohon kasasi pemohon pembatalan perdamaian untuk membayar biaya perkara dalam tingkat kasasi ditetapkan sejumlah rp5 000 000 00 lima juta rupiah,2349
case_055,70 pk pdt sus pailit 2024,2024,June,10,Kepailitan,Peninjauan Kembali,Mahkamah Agung,dr pri pambudi teguh,37 tahun 2004,,4600
case_056,776 k pdt sus pailit 2024,2024,January,4,Kepailitan,Kasasi,Mahkamah Agung,syamsul ma arif ll m ph d,37 tahun 2004,1 menolak permohonan kasasi dari pemohon kasasi dahulu pembantah pt sinar tijili benoa tersebut 2 menghukum pemohon kasasi dahulu pembantah untuk membayar biaya perkara dalam tingkat kasasi yang ditetapkan sebesar rp5 000 000 00 lima juta rupiah,1877
case_057,777 k pdt sus pailit 2024,2024,January,4,Kepailitan,Kasasi,Mahkamah Agung,syamsul ma arif ll m ph d,37 tahun 2004,1 menolak permohonan kasasi dari pemohon kasasi dahulu pembantah pt sinar bali drupadi tersebut 2 menghukum pemohon kasasi dahulu pembantah untuk membayar biaya perkara dalam tingkat kasasi yang ditetapkan sebesar rp5 000 000 00 lima juta rupiah,1893
case_058,81 k pdt sus pailit 2025,2024,June,24,Kepailitan,Peninjauan Kembali,Mahkamah Agung,prof dr haswandi s e um m m,37 tahun 2004,menolak permohonan kasasi dari para pemohon kasasi 1 mintarjo 2 rini sumiyati astutiningsih tersebut menghukum para pemohon kasasi untuk membayar biaya perkara dalam tingkat kasasi ditetapkan sejumlah rp5 000 000 00 lima juta rupiah,3327
case_059,846 k pdt sus pailit 2024,2023,August,2,Kepailitan,Kasasi,Mahkamah Agung,dr nurul elmiyah,37 tahun 2004,1 menolak permohonan kasasi dari pemohon kasasi barito adhiputra s h dedi m lawe s h m h dan tommy apriawan s e s h selaku tim kurator pt hitakara dalam pailit tersebut 2 menghukum pemohon kasasi untuk membayar biaya perkara dalam tingkat kasasi ditetapkan sejumlah rp5 000 000 00 lima juta rupiah,2055
case_060,9 pk pdt sus pailit 2025,2024,November,8,Kepailitan,Peninjauan Kembali,Mahkamah Agung,dr ibrahim ll m,37 tahun 2004,1 menolak permohonan pemeriksaan peninjauan kembali dari pemohon peninjauan kembali peter ateng gunawan s h tersebut 2 menghukum pemohon peninjauan kembali untuk membayar biaya perkara dalam pemeriksaan peninjauan kembali ini yang ditetapkan sebesar rp10 000 000 00 sepuluh juta rupiah,3158
